-4.670000000000000262e-01,0.000000000000000000e+00,4.163300000000000267e+01,4.246600000000000000e+20,2.815500000000000064e-05,2.634199999999999818e+03,-2.446500000000000064e-01,2.001299999999999955e+02,1.173399999999999999e+00
-4.349999999999999978e-01,0.000000000000000000e+00,4.164300000000000068e+01,4.247600000000000000e+20,2.816199999999999905e-05,2.633900000000000091e+03,5.318099999999999911e-02,1.999399999999999977e+02,1.172500000000000098e+00
-4.030000000000000249e-01,0.000000000000000000e+00,4.165400000000000347e+01,4.248700000000000000e+20,2.816900000000000084e-05,2.633900000000000091e+03,-1.467199999999999928e-02,2.002400000000000091e+02,1.174600000000000088e+00
-4.969999999999999973e-01,0.000000000000000000e+00,4.164800000000000324e+01,4.248100000000000000e+20,2.816499999999999885e-05,2.633900000000000091e+03,-1.607099999999999917e-01,1.999600000000000080e+02,1.172800000000000065e+00
-4.650000000000000244e-01,0.000000000000000000e+00,4.170900000000000318e+01,4.254300000000000000e+20,2.820600000000000066e-05,2.634000000000000000e+03,-5.881900000000000323e-02,1.996599999999999966e+02,1.172800000000000065e+00
-4.329999999999999960e-01,0.000000000000000000e+00,4.165400000000000347e+01,4.248700000000000000e+20,2.816900000000000084e-05,2.634099999999999909e+03,-2.251299999999999968e-01,1.999199999999999875e+02,1.172700000000000076e+00
-4.010000000000000231e-01,0.000000000000000000e+00,4.161500000000000199e+01,4.244700000000000000e+20,2.814199999999999924e-05,2.633699999999999818e+03,-2.294599999999999973e-01,1.999199999999999875e+02,1.171599999999999975e+00
-4.949999999999999956e-01,0.000000000000000000e+00,4.165100000000000335e+01,4.248400000000000000e+20,2.816699999999999984e-05,2.634099999999999909e+03,2.666299999999999781e-01,2.002599999999999909e+02,1.174600000000000088e+00
-4.630000000000000226e-01,0.000000000000000000e+00,4.159400000000000119e+01,4.242600000000000000e+20,2.812900000000000122e-05,2.634000000000000000e+03,-1.544500000000000040e-01,1.997899999999999920e+02,1.170299999999999896e+00
-4.309999999999999942e-01,0.000000000000000000e+00,4.164200000000000301e+01,4.247500000000000000e+20,2.816100000000000024e-05,2.633900000000000091e+03,-2.567999999999999727e-01,1.998199999999999932e+02,1.171799999999999953e+00
-3.990000000000000213e-01,0.000000000000000000e+00,4.164600000000000080e+01,4.247900000000000000e+20,2.816400000000000004e-05,2.633599999999999909e+03,1.418999999999999984e-01,2.002500000000000000e+02,1.174400000000000110e+00
-4.929999999999999938e-01,0.000000000000000000e+00,4.165599999999999881e+01,4.248900000000000000e+20,2.816999999999999965e-05,2.633699999999999818e+03,1.576500000000000123e-02,2.002599999999999909e+02,1.174800000000000066e+00
-4.610000000000000209e-01,0.000000000000000000e+00,4.163100000000000023e+01,4.246400000000000000e+20,2.815299999999999964e-05,2.634400000000000091e+03,-4.829999999999999849e-01,1.996899999999999977e+02,1.170700000000000074e+00
-4.289999999999999925e-01,0.000000000000000000e+00,4.166799999999999926e+01,4.250200000000000000e+20,2.817899999999999905e-05,2.633800000000000182e+03,1.611299999999999955e-01,2.000500000000000114e+02,1.173899999999999944e+00
-3.970000000000000195e-01,0.000000000000000000e+00,4.166400000000000148e+01,4.249800000000000000e+20,2.817599999999999925e-05,2.633699999999999818e+03,3.487099999999999922e-02,2.003499999999999943e+02,1.175499999999999989e+00
-4.909999999999999920e-01,0.000000000000000000e+00,4.167799999999999727e+01,4.251200000000000000e+20,2.818499999999999866e-05,2.634199999999999818e+03,3.755700000000000149e-01,2.000800000000000125e+02,1.174299999999999899e+00
-4.590000000000000191e-01,0.000000000000000000e+00,4.160099999999999909e+01,4.243300000000000000e+20,2.813299999999999983e-05,2.633500000000000000e+03,4.596900000000000291e-02,1.996899999999999977e+02,1.169899999999999940e+00
-4.269999999999999907e-01,0.000000000000000000e+00,4.166400000000000148e+01,4.249700000000000000e+20,2.817599999999999925e-05,2.633699999999999818e+03,-5.406799999999999801e-02,2.000099999999999909e+02,1.173499999999999988e+00
-3.950000000000000178e-01,0.000000000000000000e+00,4.161299999999999955e+01,4.244500000000000000e+20,2.814100000000000043e-05,2.633699999999999818e+03,1.201600000000000029e-01,2.001599999999999966e+02,1.173000000000000043e+00
-4.889999999999999902e-01,0.000000000000000000e+00,4.164300000000000068e+01,4.247500000000000000e+20,2.816100000000000024e-05,2.633900000000000091e+03,1.335199999999999998e-01,2.000099999999999909e+02,1.172900000000000054e+00
-4.570000000000000173e-01,0.000000000000000000e+00,4.169100000000000250e+01,4.252400000000000000e+20,2.819400000000000145e-05,2.634300000000000182e+03,-3.497399999999999953e-01,1.999099999999999966e+02,1.173699999999999966e+00
-4.249999999999999889e-01,0.000000000000000000e+00,4.167099999999999937e+01,4.250500000000000000e+20,2.818100000000000005e-05,2.633800000000000182e+03,-3.394599999999999701e-02,1.999199999999999875e+02,1.173200000000000021e+00
-3.930000000000000160e-01,0.000000000000000000e+00,4.167999999999999972e+01,4.251300000000000000e+20,2.818600000000000085e-05,2.633699999999999818e+03,2.392400000000000082e-01,2.003700000000000045e+02,1.176099999999999923e+00
-4.869999999999999885e-01,0.000000000000000000e+00,4.163900000000000290e+01,4.247100000000000000e+20,2.815800000000000044e-05,2.634199999999999818e+03,1.319400000000000017e-01,1.999699999999999989e+02,1.172600000000000087e+00
-4.550000000000000155e-01,0.000000000000000000e+00,4.158700000000000330e+01,4.241900000000000000e+20,2.812400000000000043e-05,2.634099999999999909e+03,1.861200000000000077e-01,1.997599999999999909e+02,1.169899999999999940e+00
-4.229999999999999871e-01,0.000000000000000000e+00,4.167999999999999972e+01,4.251300000000000000e+20,2.818600000000000085e-05,2.633900000000000091e+03,8.515000000000000346e-02,1.999799999999999898e+02,1.173799999999999955e+00
-3.910000000000000142e-01,0.000000000000000000e+00,4.162299999999999756e+01,4.245500000000000000e+20,2.814799999999999884e-05,2.633800000000000182e+03,3.527500000000000080e-02,2.001899999999999977e+02,1.173499999999999988e+00
-4.849999999999999867e-01,0.000000000000000000e+00,4.165400000000000347e+01,4.248700000000000000e+20,2.816900000000000084e-05,2.633800000000000182e+03,2.261600000000000069e-02,1.998199999999999932e+02,1.172099999999999920e+00
-4.530000000000000138e-01,0.000000000000000000e+00,4.164500000000000313e+01,4.247800000000000000e+20,2.816300000000000124e-05,2.633900000000000091e+03,2.305800000000000072e-01,1.999199999999999875e+02,1.172400000000000109e+00
-4.209999999999999853e-01,0.000000000000000000e+00,4.169400000000000261e+01,4.252700000000000000e+20,2.819599999999999906e-05,2.633699999999999818e+03,-1.142699999999999966e-01,2.001999999999999886e+02,1.175499999999999989e+00
-3.890000000000000124e-01,0.000000000000000000e+00,4.167799999999999727e+01,4.251100000000000000e+20,2.818499999999999866e-05,2.633599999999999909e+03,1.507600000000000051e-01,2.002599999999999909e+02,1.175400000000000000e+00
-4.829999999999999849e-01,0.000000000000000000e+00,4.164099999999999824e+01,4.247300000000000000e+20,2.816000000000000144e-05,2.634000000000000000e+03,5.197300000000000253e-01,2.000300000000000011e+02,1.173000000000000043e+00
-4.510000000000000120e-01,0.000000000000000000e+00,4.165400000000000347e+01,4.248700000000000000e+20,2.816900000000000084e-05,2.634099999999999909e+03,3.443300000000000249e-01,2.000399999999999920e+02,1.173399999999999999e+00
-4.189999999999999836e-01,0.000000000000000000e+00,4.166299999999999670e+01,4.249700000000000000e+20,2.817500000000000045e-05,2.633900000000000091e+03,-5.540699999999999792e-02,2.000099999999999909e+02,1.173499999999999988e+00
-3.870000000000000107e-01,0.000000000000000000e+00,4.165100000000000335e+01,4.248400000000000000e+20,2.816699999999999984e-05,2.633699999999999818e+03,1.201699999999999990e-01,1.999099999999999966e+02,1.172600000000000087e+00
-4.809999999999999831e-01,0.000000000000000000e+00,4.163100000000000023e+01,4.246300000000000000e+20,2.815299999999999964e-05,2.634300000000000182e+03,-1.199599999999999972e-01,1.997500000000000000e+02,1.171000000000000041e+00
-4.490000000000000102e-01,0.000000000000000000e+00,4.156700000000000017e+01,4.239900000000000000e+20,2.811000000000000022e-05,2.634000000000000000e+03,1.837600000000000067e-01,1.996399999999999864e+02,1.168700000000000072e+00
-4.169999999999999818e-01,0.000000000000000000e+00,4.164200000000000301e+01,4.247500000000000000e+20,2.816100000000000024e-05,2.633800000000000182e+03,-2.544399999999999995e-01,1.997500000000000000e+02,1.171399999999999997e+00
-3.850000000000000089e-01,0.000000000000000000e+00,4.163400000000000034e+01,4.246600000000000000e+20,2.815500000000000064e-05,2.633599999999999909e+03,1.179499999999999993e-01,2.000699999999999932e+02,1.173000000000000043e+00
-4.789999999999999813e-01,0.000000000000000000e+00,4.159799999999999898e+01,4.243000000000000000e+20,2.813099999999999883e-05,2.634099999999999909e+03,2.010999999999999940e-02,2.001500000000000057e+02,1.172500000000000098e+00
-4.470000000000000084e-01,0.000000000000000000e+00,4.163100000000000023e+01,4.246400000000000000e+20,2.815299999999999964e-05,2.634300000000000182e+03,4.918299999999999894e-01,2.000500000000000114e+02,1.172900000000000054e+00
-4.149999999999999800e-01,0.000000000000000000e+00,4.164500000000000313e+01,4.247800000000000000e+20,2.816300000000000124e-05,2.633800000000000182e+03,8.583100000000000451e-02,2.001899999999999977e+02,1.173999999999999932e+00
-3.830000000000000071e-01,0.000000000000000000e+00,4.166299999999999670e+01,4.249600000000000000e+20,2.817500000000000045e-05,2.633699999999999818e+03,-4.710999999999999910e-02,2.002199999999999989e+02,1.174700000000000077e+00
-4.769999999999999796e-01,0.000000000000000000e+00,4.163600000000000279e+01,4.246900000000000000e+20,2.815700000000000163e-05,2.633900000000000091e+03,3.884799999999999920e-01,1.998700000000000045e+02,1.171899999999999942e+00
-4.450000000000000067e-01,0.000000000000000000e+00,4.164600000000000080e+01,4.247900000000000000e+20,2.816300000000000124e-05,2.633900000000000091e+03,2.304499999999999882e-01,1.999600000000000080e+02,1.172700000000000076e+00
-4.129999999999999782e-01,0.000000000000000000e+00,4.167900000000000205e+01,4.251300000000000000e+20,2.818600000000000085e-05,2.633900000000000091e+03,-2.346900000000000097e-01,2.001100000000000136e+02,1.174600000000000088e+00
-3.810000000000000053e-01,0.000000000000000000e+00,4.164500000000000313e+01,4.247800000000000000e+20,2.816300000000000124e-05,2.633699999999999818e+03,-1.433699999999999974e-01,2.001399999999999864e+02,1.173799999999999955e+00
-4.749999999999999778e-01,0.000000000000000000e+00,4.167900000000000205e+01,4.251300000000000000e+20,2.818600000000000085e-05,2.634500000000000000e+03,-1.284700000000000009e-01,2.000200000000000102e+02,1.173999999999999932e+00
-4.430000000000000049e-01,0.000000000000000000e+00,4.161299999999999955e+01,4.244500000000000000e+20,2.814100000000000043e-05,2.634000000000000000e+03,7.096900000000000430e-02,1.998000000000000114e+02,1.170900000000000052e+00
-4.109999999999999765e-01,0.000000000000000000e+00,4.166499999999999915e+01,4.249800000000000000e+20,2.817599999999999925e-05,2.633500000000000000e+03,-7.266699999999998161e-02,2.000399999999999920e+02,1.173699999999999966e+00
-3.790000000000000036e-01,0.000000000000000000e+00,4.165299999999999869e+01,4.248600000000000000e+20,2.816799999999999865e-05,2.633599999999999909e+03,1.737700000000000078e-01,2.001800000000000068e+02,1.174199999999999910e+00
-4.729999999999999760e-01,0.000000000000000000e+00,4.159300000000000352e+01,4.242500000000000000e+20,2.812700000000000023e-05,2.634000000000000000e+03,2.350399999999999989e-01,2.001200000000000045e+02,1.172199999999999909e+00
-4.410000000000000031e-01,0.000000000000000000e+00,4.166700000000000159e+01,4.250000000000000000e+20,2.817800000000000025e-05,2.634300000000000182e+03,1.846199999999999924e-02,1.999600000000000080e+02,1.173300000000000010e+00
-4.089999999999999747e-01,0.000000000000000000e+00,4.163600000000000279e+01,4.246800000000000000e+20,2.815599999999999944e-05,2.634099999999999909e+03,-9.788900000000000379e-02,2.002299999999999898e+02,1.173999999999999932e+00
-3.770000000000000018e-01,0.000000000000000000e+00,4.162899999999999778e+01,4.246100000000000000e+20,2.815200000000000084e-05,2.633500000000000000e+03,-2.442400000000000126e-01,2.004399999999999977e+02,1.175100000000000033e+00
-4.709999999999999742e-01,0.000000000000000000e+00,4.175999999999999801e+01,4.259600000000000000e+20,2.824099999999999947e-05,2.634300000000000182e+03,1.709700000000000109e-01,1.998199999999999932e+02,1.175100000000000033e+00
-4.390000000000000013e-01,0.000000000000000000e+00,4.161500000000000199e+01,4.244700000000000000e+20,2.814199999999999924e-05,2.633900000000000091e+03,-1.102400000000000047e-01,1.998799999999999955e+02,1.171399999999999997e+00
-4.069999999999999729e-01,0.000000000000000000e+00,4.164900000000000091e+01,4.248200000000000000e+20,2.816499999999999885e-05,2.633500000000000000e+03,-3.441400000000000015e-01,2.000399999999999920e+02,1.173300000000000010e+00
-3.750000000000000000e-01,0.000000000000000000e+00,4.167799999999999727e+01,4.251100000000000000e+20,2.818499999999999866e-05,2.633500000000000000e+03,-8.712899999999999812e-02,2.004099999999999966e+02,1.176199999999999912e+00
-4.689999999999999725e-01,0.000000000000000000e+00,4.159899999999999665e+01,4.243100000000000000e+20,2.813200000000000103e-05,2.634099999999999909e+03,-4.654499999999999749e-01,1.999499999999999886e+02,1.171399999999999997e+00
-4.369999999999999996e-01,0.000000000000000000e+00,4.164000000000000057e+01,4.247200000000000000e+20,2.815899999999999924e-05,2.634000000000000000e+03,-1.912399999999999933e-01,1.999799999999999898e+02,1.172700000000000076e+00
-4.050000000000000266e-01,0.000000000000000000e+00,4.164300000000000068e+01,4.247600000000000000e+20,2.816100000000000024e-05,2.633699999999999818e+03,-2.671700000000000186e-01,2.000800000000000125e+02,1.173300000000000010e+00
-3.689999999999999947e-01,0.000000000000000000e+00,4.164800000000000324e+01,4.248100000000000000e+20,2.816499999999999885e-05,2.633599999999999909e+03,8.245199999999998364e-02,2.003899999999999864e+02,1.175300000000000011e+00
-3.370000000000000218e-01,0.000000000000000000e+00,4.162700000000000244e+01,4.245900000000000000e+20,2.815099999999999864e-05,2.633699999999999818e+03,1.721199999999999952e-01,2.027199999999999989e+02,1.188399999999999901e+00
-3.709999999999999964e-01,0.000000000000000000e+00,4.162700000000000244e+01,4.245900000000000000e+20,2.815099999999999864e-05,2.633699999999999818e+03,-1.343499999999999972e-01,2.004099999999999966e+02,1.174800000000000066e+00
-3.390000000000000235e-01,0.000000000000000000e+00,4.158200000000000074e+01,4.241400000000000000e+20,2.811999999999999843e-05,2.633599999999999909e+03,2.160499999999999921e-01,2.012100000000000080e+02,1.178299999999999903e+00
-3.669999999999999929e-01,0.000000000000000000e+00,4.165599999999999881e+01,4.248900000000000000e+20,2.816999999999999965e-05,2.633800000000000182e+03,1.480499999999999872e-01,2.003100000000000023e+02,1.175100000000000033e+00
-3.350000000000000200e-01,0.000000000000000000e+00,4.163600000000000279e+01,4.246800000000000000e+20,2.815700000000000163e-05,2.633500000000000000e+03,2.591600000000000154e-02,2.038700000000000045e+02,1.195400000000000018e+00
-3.649999999999999911e-01,0.000000000000000000e+00,4.164200000000000301e+01,4.247500000000000000e+20,2.816100000000000024e-05,2.633599999999999909e+03,-4.579099999999999837e-02,2.006200000000000045e+02,1.176500000000000101e+00
-3.330000000000000182e-01,0.000000000000000000e+00,4.161599999999999966e+01,4.244900000000000000e+20,2.814300000000000143e-05,2.633400000000000091e+03,-3.711400000000000116e-02,2.042100000000000080e+02,1.196800000000000086e+00
-3.629999999999999893e-01,0.000000000000000000e+00,4.164200000000000301e+01,4.247400000000000000e+20,2.816000000000000144e-05,2.633900000000000091e+03,2.446299999999999863e-02,2.003100000000000023e+02,1.174700000000000077e+00
-3.609999999999999876e-01,0.000000000000000000e+00,4.161999999999999744e+01,4.245200000000000000e+20,2.814600000000000123e-05,2.633599999999999909e+03,7.559299999999997965e-02,2.003400000000000034e+02,1.174199999999999910e+00
-3.589999999999999858e-01,0.000000000000000000e+00,4.162899999999999778e+01,4.246200000000000000e+20,2.815200000000000084e-05,2.633800000000000182e+03,-1.151300000000000066e-02,2.006399999999999864e+02,1.176299999999999901e+00
-3.569999999999999840e-01,0.000000000000000000e+00,4.164500000000000313e+01,4.247800000000000000e+20,2.816300000000000124e-05,2.633699999999999818e+03,2.212699999999999945e-01,2.005600000000000023e+02,1.176199999999999912e+00
-3.549999999999999822e-01,0.000000000000000000e+00,4.163900000000000290e+01,4.247100000000000000e+20,2.815899999999999924e-05,2.633800000000000182e+03,2.856799999999999895e-01,2.008700000000000045e+02,1.177899999999999947e+00
-3.529999999999999805e-01,0.000000000000000000e+00,4.165400000000000347e+01,4.248700000000000000e+20,2.816900000000000084e-05,2.633800000000000182e+03,4.067500000000000004e-01,2.008499999999999943e+02,1.178199999999999914e+00
-3.509999999999999787e-01,0.000000000000000000e+00,4.162899999999999778e+01,4.246200000000000000e+20,2.815200000000000084e-05,2.633900000000000091e+03,3.735399999999999832e-01,2.006999999999999886e+02,1.176600000000000090e+00
-3.489999999999999769e-01,0.000000000000000000e+00,4.161899999999999977e+01,4.245100000000000000e+20,2.814499999999999904e-05,2.633699999999999818e+03,6.217000000000000304e-03,2.009300000000000068e+02,1.177599999999999980e+00
-3.469999999999999751e-01,0.000000000000000000e+00,4.159700000000000131e+01,4.242900000000000000e+20,2.813099999999999883e-05,2.633599999999999909e+03,4.440500000000000003e-01,2.008100000000000023e+02,1.176299999999999901e+00
-3.449999999999999734e-01,0.000000000000000000e+00,4.164399999999999835e+01,4.247700000000000000e+20,2.816199999999999905e-05,2.633599999999999909e+03,9.090900000000000369e-02,2.013700000000000045e+02,1.181000000000000050e+00
-3.430000000000000271e-01,0.000000000000000000e+00,4.156199999999999761e+01,4.239300000000000000e+20,2.810600000000000161e-05,2.633599999999999909e+03,4.812899999999999956e-01,2.013400000000000034e+02,1.178399999999999892e+00
-3.729999999999999982e-01,0.000000000000000000e+00,4.167000000000000171e+01,4.250400000000000000e+20,2.818000000000000124e-05,2.633699999999999818e+03,-1.811000000000000110e-01,2.004000000000000057e+02,1.175999999999999934e+00
-3.410000000000000253e-01,0.000000000000000000e+00,4.163799999999999812e+01,4.247100000000000000e+20,2.815800000000000044e-05,2.633599999999999909e+03,1.355200000000000016e-01,2.019000000000000057e+02,1.183899999999999952e+00
-3.049999999999999933e-01,0.000000000000000000e+00,4.170199999999999818e+01,4.253600000000000000e+20,2.820199999999999866e-05,2.627699999999999818e+03,1.565999999999999892e-01,2.428700000000000045e+02,1.426299999999999901e+00
-2.730000000000000204e-01,0.000000000000000000e+00,4.446200000000000330e+01,4.535100000000000000e+20,3.006800000000000079e-05,2.463900000000000091e+03,1.243400000000000061e+00,1.306200000000000045e+03,8.178900000000000503e+00
-3.069999999999999951e-01,0.000000000000000000e+00,4.162700000000000244e+01,4.245900000000000000e+20,2.814999999999999984e-05,2.628699999999999818e+03,-7.863399999999998169e-02,2.380000000000000000e+02,1.395199999999999996e+00
-2.750000000000000222e-01,0.000000000000000000e+00,4.382399999999999807e+01,4.470100000000000000e+20,2.963599999999999882e-05,2.497699999999999818e+03,3.899400000000000088e-01,1.097099999999999909e+03,6.771099999999999675e+00
-3.029999999999999916e-01,0.000000000000000000e+00,4.172500000000000142e+01,4.255900000000000000e+20,2.821700000000000106e-05,2.626000000000000000e+03,-5.969400000000000261e-01,2.567799999999999727e+02,1.508799999999999919e+00
-2.710000000000000187e-01,0.000000000000000000e+00,4.518099999999999739e+01,4.608400000000000000e+20,3.055399999999999918e-05,2.422199999999999818e+03,1.093200000000000005e-01,1.563000000000000000e+03,9.944599999999999440e+00
-3.009999999999999898e-01,0.000000000000000000e+00,4.174900000000000233e+01,4.258400000000000000e+20,2.823299999999999887e-05,2.624199999999999818e+03,-9.670700000000000129e-02,2.672200000000000273e+02,1.571099999999999941e+00
-2.690000000000000169e-01,0.000000000000000000e+00,4.609700000000000131e+01,4.701900000000000000e+20,3.117399999999999663e-05,2.370400000000000091e+03,1.388999999999999957e-01,1.863400000000000091e+03,1.209600000000000009e+01
-3.310000000000000164e-01,0.000000000000000000e+00,4.154099999999999682e+01,4.237100000000000000e+20,2.809200000000000141e-05,2.633099999999999909e+03,-3.090499999999999844e-02,2.050600000000000023e+02,1.199600000000000000e+00
-2.989999999999999880e-01,0.000000000000000000e+00,4.185300000000000153e+01,4.269000000000000000e+20,2.830299999999999990e-05,2.622099999999999909e+03,3.376199999999999757e-01,2.833899999999999864e+02,1.670299999999999896e+00
-2.670000000000000151e-01,0.000000000000000000e+00,4.741899999999999693e+01,4.836800000000000000e+20,3.206799999999999858e-05,2.308699999999999818e+03,4.438299999999999884e-02,2.216500000000000000e+03,1.480199999999999960e+01
-3.290000000000000147e-01,0.000000000000000000e+00,4.164099999999999824e+01,4.247400000000000000e+20,2.816000000000000144e-05,2.633199999999999818e+03,-4.261599999999999833e-01,2.053100000000000023e+02,1.203999999999999959e+00
-2.969999999999999862e-01,0.000000000000000000e+00,4.182600000000000051e+01,4.266300000000000000e+20,2.828500000000000109e-05,2.619800000000000182e+03,-1.690000000000000113e-01,2.980299999999999727e+02,1.755400000000000071e+00
-2.650000000000000133e-01,0.000000000000000000e+00,4.892099999999999937e+01,4.989900000000000000e+20,3.308300000000000157e-05,2.232599999999999909e+03,1.099900000000000100e+00,2.629599999999999909e+03,1.811599999999999966e+01
-3.270000000000000129e-01,0.000000000000000000e+00,4.159599999999999653e+01,4.242800000000000000e+20,2.812900000000000122e-05,2.633199999999999818e+03,-1.509900000000000131e-01,2.065600000000000023e+02,1.209999999999999964e+00
-2.949999999999999845e-01,0.000000000000000000e+00,4.185900000000000176e+01,4.269700000000000000e+20,2.830800000000000070e-05,2.616900000000000091e+03,-3.390600000000000124e-03,3.170600000000000023e+02,1.868999999999999995e+00
-2.630000000000000115e-01,0.000000000000000000e+00,5.101100000000000279e+01,5.203100000000000000e+20,3.449699999999999853e-05,2.136599999999999909e+03,8.474300000000000166e-01,3.115599999999999909e+03,2.238100000000000023e+01
-3.250000000000000111e-01,0.000000000000000000e+00,4.160999999999999943e+01,4.244200000000000000e+20,2.813899999999999943e-05,2.632900000000000091e+03,-3.003499999999999920e-02,2.072299999999999898e+02,1.214299999999999935e+00
-2.929999999999999827e-01,0.000000000000000000e+00,4.195400000000000063e+01,4.279300000000000000e+20,2.837199999999999873e-05,2.613800000000000182e+03,-4.037100000000000133e-01,3.388500000000000227e+02,2.001999999999999780e+00
-2.610000000000000098e-01,0.000000000000000000e+00,5.380400000000000205e+01,5.488000000000000000e+20,3.638499999999999807e-05,2.027299999999999955e+03,2.627200000000000202e+00,3.634900000000000091e+03,2.754200000000000159e+01
-3.230000000000000093e-01,0.000000000000000000e+00,4.165599999999999881e+01,4.248900000000000000e+20,2.816999999999999965e-05,2.632599999999999909e+03,9.538700000000001344e-02,2.090399999999999920e+02,1.226299999999999946e+00
-2.909999999999999809e-01,0.000000000000000000e+00,4.199399999999999977e+01,4.283400000000000000e+20,2.839900000000000033e-05,2.608500000000000000e+03,3.111099999999999977e-01,3.738899999999999864e+02,2.211199999999999832e+00
-2.590000000000000080e-01,0.000000000000000000e+00,5.724600000000000222e+01,5.839000000000000000e+20,3.871300000000000018e-05,1.899000000000000000e+03,1.783800000000000052e+00,4.189199999999999818e+03,3.377199999999999847e+01
-3.210000000000000075e-01,0.000000000000000000e+00,4.156400000000000006e+01,4.239600000000000000e+20,2.810799999999999922e-05,2.632199999999999818e+03,-3.575899999999999912e-02,2.121599999999999966e+02,1.241800000000000015e+00
-2.889999999999999791e-01,0.000000000000000000e+00,4.211999999999999744e+01,4.296300000000000000e+20,2.848400000000000037e-05,2.602000000000000000e+03,-2.678699999999999831e-02,4.191899999999999977e+02,2.486499999999999932e+00
-2.570000000000000062e-01,0.000000000000000000e+00,6.178999999999999915e+01,6.302600000000000000e+20,4.178600000000000277e-05,1.756900000000000091e+03,2.418200000000000127e+00,4.732300000000000182e+03,4.117799999999999727e+01
-3.190000000000000058e-01,0.000000000000000000e+00,4.163499999999999801e+01,4.246700000000000000e+20,2.815599999999999944e-05,2.632199999999999818e+03,2.632999999999999785e-01,2.133799999999999955e+02,1.251100000000000101e+00
-2.869999999999999774e-01,0.000000000000000000e+00,4.222800000000000153e+01,4.307200000000000000e+20,2.855700000000000119e-05,2.595000000000000000e+03,3.213199999999999945e-01,4.643899999999999864e+02,2.761600000000000055e+00
-2.550000000000000044e-01,0.000000000000000000e+00,6.744899999999999807e+01,6.879800000000000000e+20,4.561299999999999849e-05,1.603799999999999955e+03,2.607499999999999929e+00,5.240399999999999636e+03,4.977600000000000335e+01
-3.170000000000000040e-01,0.000000000000000000e+00,4.165899999999999892e+01,4.249200000000000000e+20,2.817200000000000064e-05,2.631599999999999909e+03,7.330699999999998329e-02,2.154600000000000080e+02,1.264000000000000012e+00
-2.849999999999999756e-01,0.000000000000000000e+00,4.236500000000000199e+01,4.321200000000000000e+20,2.864999999999999844e-05,2.587199999999999818e+03,2.277299999999999880e-01,5.198500000000000227e+02,3.101500000000000146e+00
-2.530000000000000027e-01,0.000000000000000000e+00,7.457999999999999829e+01,7.607200000000000000e+20,5.043600000000000297e-05,1.444599999999999909e+03,1.871499999999999941e+00,5.676300000000000182e+03,5.961800000000000210e+01
-3.150000000000000022e-01,0.000000000000000000e+00,4.162700000000000244e+01,4.246000000000000000e+20,2.815099999999999864e-05,2.631599999999999909e+03,8.119099999999999928e-02,2.180399999999999920e+02,1.278200000000000003e+00
-2.829999999999999738e-01,0.000000000000000000e+00,4.250900000000000034e+01,4.335900000000000000e+20,2.874700000000000107e-05,2.574800000000000182e+03,1.505799999999999916e-01,6.007599999999999909e+02,3.596299999999999830e+00
-2.510000000000000009e-01,0.000000000000000000e+00,8.349599999999998090e+01,8.516600000000000000e+20,5.646500000000000233e-05,1.287000000000000000e+03,2.609799999999999898e+00,6.014199999999999818e+03,7.071800000000000352e+01
-3.130000000000000004e-01,0.000000000000000000e+00,4.163499999999999801e+01,4.246700000000000000e+20,2.815599999999999944e-05,2.631000000000000000e+03,-2.067900000000000016e-01,2.213400000000000034e+02,1.297800000000000065e+00
-2.810000000000000275e-01,0.000000000000000000e+00,4.279399999999999693e+01,4.365000000000000000e+20,2.894000000000000074e-05,2.561500000000000000e+03,1.831299999999999872e-01,6.902000000000000455e+02,4.159600000000000186e+00
-3.109999999999999987e-01,0.000000000000000000e+00,4.166899999999999693e+01,4.250300000000000000e+20,2.817899999999999905e-05,2.630199999999999818e+03,2.541100000000000025e-01,2.257199999999999989e+02,1.324500000000000011e+00
-2.790000000000000258e-01,0.000000000000000000e+00,4.300500000000000256e+01,4.386500000000000000e+20,2.908200000000000040e-05,2.543400000000000091e+03,1.943699999999999872e-01,8.013700000000000045e+02,4.853299999999999947e+00
-3.089999999999999969e-01,0.000000000000000000e+00,4.165999999999999659e+01,4.249300000000000000e+20,2.817299999999999945e-05,2.629699999999999818e+03,-2.666200000000000236e-01,2.313400000000000034e+02,1.357299999999999951e+00
-2.770000000000000240e-01,0.000000000000000000e+00,4.344100000000000250e+01,4.431000000000000000e+20,2.937799999999999892e-05,2.523300000000000182e+03,8.987199999999997968e-02,9.382600000000001046e+02,5.740000000000000213e+00
-2.349999999999999867e-01,0.000000000000000000e+00,1.537899999999999920e+02,1.568600000000000000e+21,1.039999999999999936e-04,6.448500000000000227e+02,4.276099999999999568e+00,6.529300000000000182e+03,1.414099999999999966e+02
-2.429999999999999938e-01,0.000000000000000000e+00,1.261500000000000057e+02,1.286700000000000131e+21,8.530700000000000164e-05,8.268799999999999955e+02,4.559300000000000352e+00,6.515100000000000364e+03,1.157399999999999949e+02
-2.409999999999999920e-01,0.000000000000000000e+00,1.356200000000000045e+02,1.383299999999999869e+21,9.171600000000000076e-05,7.613600000000000136e+02,4.739200000000000301e+00,6.527899999999999636e+03,1.246800000000000068e+02
-2.389999999999999902e-01,0.000000000000000000e+00,1.433799999999999955e+02,1.462499999999999869e+21,9.695999999999999324e-05,7.105199999999999818e+02,4.621199999999999974e+00,6.529699999999999818e+03,1.318400000000000034e+02
-2.369999999999999885e-01,0.000000000000000000e+00,1.494000000000000057e+02,1.523800000000000000e+21,1.010300000000000000e-04,6.727599999999999909e+02,5.752699999999999925e+00,6.526399999999999636e+03,1.373100000000000023e+02
-2.489999999999999991e-01,0.000000000000000000e+00,9.349899999999999523e+01,9.536899999999999345e+20,6.322900000000000059e-05,1.143099999999999909e+03,3.788499999999999979e+00,6.253500000000000000e+03,8.234000000000000341e+01
-2.469999999999999973e-01,0.000000000000000000e+00,1.045999999999999943e+02,1.066900000000000000e+21,7.073599999999999495e-05,1.015200000000000045e+03,3.962099999999999955e+00,6.394100000000000364e+03,9.418699999999999761e+01
-2.449999999999999956e-01,0.000000000000000000e+00,1.157000000000000028e+02,1.180100000000000000e+21,7.824200000000000068e-05,9.101000000000000227e+02,4.888799999999999812e+00,6.478800000000000182e+03,1.055600000000000023e+02
-2.030000000000000138e-01,0.000000000000000000e+00,1.710200000000000102e+02,1.744400000000000000e+21,1.156600000000000005e-04,4.191100000000000136e+02,5.577399999999999913e+00,6.614300000000000182e+03,1.593000000000000114e+02
-2.089999999999999913e-01,0.000000000000000000e+00,1.691200000000000045e+02,1.725000000000000000e+21,1.143700000000000044e-04,4.563100000000000023e+02,6.103799999999999670e+00,6.602899999999999636e+03,1.572599999999999909e+02
-2.069999999999999896e-01,0.000000000000000000e+00,1.695900000000000034e+02,1.729800000000000000e+21,1.146900000000000014e-04,4.441299999999999955e+02,5.453500000000000014e+00,6.605600000000000364e+03,1.577599999999999909e+02
-2.049999999999999878e-01,0.000000000000000000e+00,1.700800000000000125e+02,1.734899999999999869e+21,1.150200000000000067e-04,4.315600000000000023e+02,5.673799999999999955e+00,6.613399999999999636e+03,1.584099999999999966e+02
-2.010000000000000120e-01,0.000000000000000000e+00,1.716500000000000057e+02,1.750899999999999869e+21,1.160799999999999999e-04,4.058899999999999864e+02,6.041299999999999670e+00,6.622000000000000000e+03,1.600800000000000125e+02
-1.990000000000000102e-01,0.000000000000000000e+00,1.724799999999999898e+02,1.759299999999999869e+21,1.166399999999999946e-04,3.920899999999999750e+02,6.257500000000000284e+00,6.609000000000000000e+03,1.605300000000000011e+02
-1.970000000000000084e-01,0.000000000000000000e+00,1.735600000000000023e+02,1.770300000000000131e+21,1.173699999999999960e-04,3.785699999999999932e+02,5.826800000000000423e+00,6.600199999999999818e+03,1.613199999999999932e+02
-1.950000000000000067e-01,0.000000000000000000e+00,1.744000000000000057e+02,1.778899999999999869e+21,1.179399999999999990e-04,3.633000000000000114e+02,6.131800000000000139e+00,6.589000000000000000e+03,1.618300000000000125e+02
-1.930000000000000049e-01,0.000000000000000000e+00,1.757199999999999989e+02,1.792300000000000131e+21,1.188299999999999990e-04,3.495199999999999818e+02,6.272400000000000198e+00,6.563500000000000000e+03,1.624199999999999875e+02
-1.910000000000000031e-01,0.000000000000000000e+00,1.770300000000000011e+02,1.805699999999999869e+21,1.197199999999999989e-04,3.338500000000000227e+02,6.326699999999999768e+00,6.539699999999999818e+03,1.630399999999999920e+02
-1.890000000000000013e-01,0.000000000000000000e+00,1.785099999999999909e+02,1.820800000000000000e+21,1.207199999999999961e-04,3.180699999999999932e+02,7.110199999999999854e+00,6.519600000000000364e+03,1.638899999999999864e+02
-1.869999999999999996e-01,0.000000000000000000e+00,1.803700000000000045e+02,1.839800000000000000e+21,1.219799999999999942e-04,3.027900000000000205e+02,5.090300000000000047e+00,6.477300000000000182e+03,1.645300000000000011e+02
-2.109999999999999931e-01,0.000000000000000000e+00,1.686200000000000045e+02,1.719900000000000131e+21,1.140300000000000043e-04,4.674700000000000273e+02,5.206999999999999851e+00,6.595300000000000182e+03,1.566100000000000136e+02
-2.210000000000000020e-01,0.000000000000000000e+00,1.655500000000000114e+02,1.688600000000000000e+21,1.119600000000000055e-04,5.310099999999999909e+02,4.684499999999999886e+00,6.552300000000000182e+03,1.527599999999999909e+02
-2.190000000000000002e-01,0.000000000000000000e+00,1.660300000000000011e+02,1.693500000000000131e+21,1.122800000000000024e-04,5.188600000000000136e+02,5.009699999999999598e+00,6.569500000000000000e+03,1.535999999999999943e+02
-2.169999999999999984e-01,0.000000000000000000e+00,1.668100000000000023e+02,1.701500000000000131e+21,1.128099999999999990e-04,5.068999999999999773e+02,5.529099999999999682e+00,6.580000000000000000e+03,1.545699999999999932e+02
-2.149999999999999967e-01,0.000000000000000000e+00,1.673799999999999955e+02,1.707299999999999869e+21,1.131900000000000056e-04,4.943299999999999841e+02,5.887100000000000222e+00,6.579100000000000364e+03,1.550800000000000125e+02
-2.129999999999999949e-01,0.000000000000000000e+00,1.682100000000000080e+02,1.715699999999999869e+21,1.137500000000000002e-04,4.809100000000000250e+02,5.379199999999999982e+00,6.591100000000000364e+03,1.561299999999999955e+02
-2.230000000000000038e-01,0.000000000000000000e+00,1.647700000000000102e+02,1.680700000000000131e+21,1.114299999999999953e-04,5.429099999999999682e+02,5.019899999999999807e+00,6.543699999999999818e+03,1.518400000000000034e+02
-2.250000000000000056e-01,0.000000000000000000e+00,1.638899999999999864e+02,1.671600000000000000e+21,1.108299999999999943e-04,5.556699999999999591e+02,3.977300000000000058e+00,6.543600000000000364e+03,1.510200000000000102e+02
-2.270000000000000073e-01,0.000000000000000000e+00,1.627100000000000080e+02,1.659600000000000000e+21,1.100300000000000019e-04,5.693200000000000500e+02,4.914200000000000124e+00,6.536699999999999818e+03,1.497800000000000011e+02
-2.290000000000000091e-01,0.000000000000000000e+00,1.613499999999999943e+02,1.645699999999999869e+21,1.091100000000000040e-04,5.841799999999999500e+02,6.036400000000000432e+00,6.528600000000000364e+03,1.483400000000000034e+02
-2.310000000000000109e-01,0.000000000000000000e+00,1.595999999999999943e+02,1.627900000000000131e+21,1.079300000000000051e-04,6.012599999999999909e+02,5.429100000000000037e+00,6.526600000000000364e+03,1.466899999999999977e+02
-2.330000000000000127e-01,0.000000000000000000e+00,1.570800000000000125e+02,1.602200000000000000e+21,1.062300000000000044e-04,6.206100000000000136e+02,3.990600000000000147e+00,6.531800000000000182e+03,1.444900000000000091e+02
-1.675000000000000100e-01,0.000000000000000000e+00,5.840899999999999892e+01,2.383100000000000131e+21,1.579999999999999916e-04,1.178299999999999983e+02,2.619400000000000173e+00,5.198100000000000364e+03,1.710300000000000011e+02
-1.665000000000000091e-01,0.000000000000000000e+00,6.018500000000000227e+01,2.455500000000000131e+21,1.627999999999999998e-04,1.074500000000000028e+02,4.672900000000000276e+00,5.044600000000000364e+03,1.710200000000000102e+02
-1.655000000000000082e-01,0.000000000000000000e+00,6.218399999999999750e+01,2.537100000000000131e+21,1.682099999999999904e-04,9.533700000000000330e+01,3.997500000000000053e+00,4.886600000000000364e+03,1.711699999999999875e+02
-1.645000000000000073e-01,0.000000000000000000e+00,6.457099999999999795e+01,2.634499999999999869e+21,1.746700000000000065e-04,8.660200000000000387e+01,2.731300000000000061e+00,4.714300000000000182e+03,1.714699999999999989e+02
-1.635000000000000064e-01,0.000000000000000000e+00,6.721299999999999386e+01,2.742300000000000131e+21,1.818099999999999957e-04,7.572199999999997999e+01,3.753000000000000114e+00,4.528100000000000364e+03,1.714399999999999977e+02
-1.625000000000000056e-01,0.000000000000000000e+00,7.056300000000000239e+01,2.879000000000000262e+21,1.908799999999999885e-04,6.586899999999999977e+01,2.968100000000000183e+00,4.327899999999999636e+03,1.720300000000000011e+02
-1.615000000000000047e-01,0.000000000000000000e+00,7.445300000000000296e+01,3.037699999999999869e+21,2.013999999999999894e-04,5.611299999999999955e+01,3.254900000000000126e+00,4.109100000000000364e+03,1.723300000000000125e+02
-1.605000000000000038e-01,0.000000000000000000e+00,7.927500000000000568e+01,3.234400000000000000e+21,2.144399999999999865e-04,4.648700000000000188e+01,4.209100000000000286e+00,3.863500000000000000e+03,1.725300000000000011e+02
-1.595000000000000029e-01,0.000000000000000000e+00,8.504399999999998272e+01,3.469799999999999738e+21,2.300500000000000082e-04,3.913300000000000267e+01,3.354800000000000004e+00,3.607300000000000182e+03,1.728100000000000023e+02
-1.585000000000000020e-01,0.000000000000000000e+00,9.249899999999999523e+01,3.773900000000000131e+21,2.502100000000000049e-04,3.023300000000000054e+01,2.804100000000000037e+00,3.322900000000000091e+03,1.731399999999999864e+02
-1.575000000000000011e-01,0.000000000000000000e+00,1.021800000000000068e+02,4.168899999999999869e+21,2.763999999999999964e-04,2.330999999999999872e+01,2.491099999999999870e+00,3.014900000000000091e+03,1.735300000000000011e+02
-1.565000000000000002e-01,0.000000000000000000e+00,1.155499999999999972e+02,4.714599999999999738e+21,3.125800000000000193e-04,1.609700000000000131e+01,1.797700000000000076e+00,2.667199999999999818e+03,1.736100000000000136e+02
-1.554999999999999993e-01,0.000000000000000000e+00,1.348199999999999932e+02,5.500600000000000262e+21,3.646899999999999795e-04,9.442100000000001714e+00,1.672600000000000087e+00,2.291500000000000000e+03,1.740300000000000011e+02
-1.544999999999999984e-01,0.000000000000000000e+00,1.649199999999999875e+02,6.728699999999999607e+21,4.461199999999999910e-04,6.516499999999999737e+00,1.783400000000000096e+00,1.868099999999999909e+03,1.735399999999999920e+02
-1.537499999999999978e-01,0.000000000000000000e+00,1.019200000000000017e+02,8.316800000000000000e+21,5.513999999999999587e-04,4.956200000000000050e-01,1.076000000000000068e+00,1.511000000000000000e+03,1.735000000000000000e+02
-1.532499999999999973e-01,0.000000000000000000e+00,1.243799999999999955e+02,1.014900000000000079e+22,6.729099999999999795e-04,2.726100000000000190e+00,7.338299999999999823e-01,1.229299999999999955e+03,1.722500000000000000e+02
-1.527499999999999969e-01,0.000000000000000000e+00,1.652599999999999909e+02,1.348500000000000079e+22,8.940699999999998475e-04,-4.022700000000000387e+00,7.463999999999998414e-01,9.352000000000000455e+02,1.741200000000000045e+02
-1.522499999999999964e-01,0.000000000000000000e+00,4.243500000000000227e+01,1.659000000000000052e+22,1.099900000000000010e-03,-3.602399999999999824e+00,-3.887599999999999945e-01,7.696299999999999955e+02,1.762800000000000011e+02
-1.715000000000000135e-01,0.000000000000000000e+00,5.306499999999999773e+01,2.165000000000000000e+21,1.435399999999999979e-04,1.609699999999999989e+02,3.731599999999999806e+00,5.669300000000000182e+03,1.694699999999999989e+02
-1.705000000000000127e-01,0.000000000000000000e+00,5.420400000000000063e+01,2.211500000000000131e+21,1.466200000000000023e-04,1.478499999999999943e+02,3.757800000000000029e+00,5.550100000000000364e+03,1.694600000000000080e+02
-1.695000000000000118e-01,0.000000000000000000e+00,5.535300000000000153e+01,2.258400000000000000e+21,1.497299999999999911e-04,1.385099999999999909e+02,3.122500000000000053e+00,5.445100000000000364e+03,1.697800000000000011e+02
-1.685000000000000109e-01,0.000000000000000000e+00,5.670000000000000284e+01,2.313299999999999869e+21,1.533799999999999985e-04,1.295699999999999932e+02,4.559599999999999653e+00,5.333399999999999636e+03,1.703400000000000034e+02
-1.754999999999999893e-01,0.000000000000000000e+00,4.966599999999999682e+01,2.026400000000000000e+21,1.343500000000000130e-04,1.984600000000000080e+02,3.624400000000000066e+00,6.002699999999999818e+03,1.679399999999999977e+02
-1.744999999999999885e-01,0.000000000000000000e+00,5.031700000000000017e+01,2.052899999999999869e+21,1.361099999999999962e-04,1.922599999999999909e+02,4.604400000000000048e+00,5.933699999999999818e+03,1.681800000000000068e+02
-1.734999999999999876e-01,0.000000000000000000e+00,5.120300000000000296e+01,2.089100000000000131e+21,1.385100000000000003e-04,1.800800000000000125e+02,3.493100000000000094e+00,5.851899999999999636e+03,1.687899999999999920e+02
-1.724999999999999867e-01,0.000000000000000000e+00,5.211899999999999977e+01,2.126499999999999869e+21,1.409799999999999953e-04,1.717599999999999909e+02,4.451500000000000234e+00,5.768800000000000182e+03,1.693700000000000045e+02
-1.784999999999999920e-01,0.000000000000000000e+00,4.802300000000000324e+01,1.959299999999999869e+21,1.299000000000000133e-04,2.286800000000000068e+02,7.973400000000000487e-01,6.185600000000000364e+03,1.673300000000000125e+02
-1.774999999999999911e-01,0.000000000000000000e+00,4.848899999999999721e+01,1.978400000000000000e+21,1.311600000000000114e-04,2.218300000000000125e+02,2.367900000000000116e+00,6.138300000000000182e+03,1.676599999999999966e+02
-1.764999999999999902e-01,0.000000000000000000e+00,4.914600000000000080e+01,2.005200000000000000e+21,1.329400000000000113e-04,2.072899999999999920e+02,3.933300000000000018e+00,6.076100000000000364e+03,1.682100000000000080e+02
-1.809999999999999942e-01,0.000000000000000000e+00,1.876100000000000136e+02,1.913699999999999869e+21,1.268700000000000101e-04,2.520999999999999943e+02,7.771300000000000097e+00,6.298300000000000182e+03,1.664099999999999966e+02
-1.794999999999999929e-01,0.000000000000000000e+00,4.738799999999999812e+01,1.933400000000000000e+21,1.281900000000000042e-04,2.368100000000000023e+02,4.933600000000000207e+00,6.243000000000000000e+03,1.666500000000000057e+02
-1.824999999999999956e-01,0.000000000000000000e+00,4.631900000000000261e+01,1.889800000000000000e+21,1.253000000000000099e-04,2.657799999999999727e+02,5.189400000000000013e+00,6.349100000000000364e+03,1.656599999999999966e+02
-1.849999999999999978e-01,0.000000000000000000e+00,1.822199999999999989e+02,1.858600000000000000e+21,1.232299999999999975e-04,2.871700000000000159e+02,6.687400000000000233e+00,6.432899999999999636e+03,1.650800000000000125e+02
-1.834999999999999964e-01,0.000000000000000000e+00,4.594400000000000261e+01,1.874499999999999869e+21,1.242799999999999959e-04,2.737599999999999909e+02,4.307999999999999829e+00,6.388500000000000000e+03,1.653400000000000034e+02
1.590000000000000024e-01,0.000000000000000000e+00,2.085800000000000054e+01,2.127500000000000000e+20,1.410499999999999963e-05,-3.318700000000000205e+00,1.129499999999999948e+00,8.666599999999998545e+02,2.545700000000000074e+00
1.729999999999999871e-01,0.000000000000000000e+00,1.727899999999999991e+01,1.762400000000000000e+20,1.168500000000000078e-05,-3.734399999999999942e+00,7.456599999999997952e-02,1.131599999999999909e+03,2.753499999999999837e+00
1.749999999999999889e-01,0.000000000000000000e+00,1.697500000000000142e+01,1.731500000000000000e+20,1.148000000000000020e-05,-4.620000000000000107e+00,-5.029399999999999843e-02,1.165599999999999909e+03,2.786399999999999988e+00
1.769999999999999907e-01,0.000000000000000000e+00,1.672200000000000131e+01,1.705700000000000000e+20,1.130899999999999964e-05,-2.460300000000000153e+00,-2.175300000000000011e+00,1.200900000000000091e+03,2.828100000000000058e+00
1.789999999999999925e-01,0.000000000000000000e+00,1.654799999999999827e+01,1.687900000000000000e+20,1.118999999999999959e-05,-5.884399999999999631e-01,-5.752599999999999936e-01,1.231000000000000000e+03,2.868700000000000028e+00
1.809999999999999942e-01,0.000000000000000000e+00,1.630099999999999838e+01,1.662700000000000000e+20,1.102399999999999982e-05,2.334299999999999820e+00,-4.019900000000000140e-01,1.253299999999999955e+03,2.877099999999999991e+00
1.529999999999999971e-01,0.000000000000000000e+00,1.974399999999999977e+01,2.503700000000000000e+20,1.660000000000000031e-05,1.885499999999999954e-01,-9.331000000000000405e-02,7.137599999999999909e+02,2.467299999999999827e+00
1.549999999999999989e-01,0.000000000000000000e+00,2.295400000000000063e+01,2.341300000000000000e+20,1.552300000000000029e-05,-1.040799999999999947e+00,4.617899999999999783e-01,7.721100000000000136e+02,2.495899999999999785e+00
1.570000000000000007e-01,0.000000000000000000e+00,2.179100000000000037e+01,2.222700000000000000e+20,1.473599999999999918e-05,-1.620500000000000052e+00,7.361299999999998400e-01,8.201599999999998545e+02,2.516799999999999926e+00
1.610000000000000042e-01,0.000000000000000000e+00,2.014600000000000080e+01,2.054900000000000000e+20,1.362400000000000034e-05,-3.490000000000000213e+00,-8.957899999999998641e-01,9.024299999999999500e+02,2.560299999999999798e+00
1.630000000000000060e-01,0.000000000000000000e+00,1.943900000000000006e+01,1.982700000000000000e+20,1.314599999999999916e-05,-4.354300000000000281e+00,7.230699999999999905e-01,9.470100000000001046e+02,2.592400000000000038e+00
1.650000000000000078e-01,0.000000000000000000e+00,1.888299999999999912e+01,1.926000000000000000e+20,1.276999999999999971e-05,-5.010500000000000398e+00,4.052700000000000191e-01,9.866300000000001091e+02,2.623600000000000154e+00
1.670000000000000095e-01,0.000000000000000000e+00,1.840700000000000003e+01,1.877500000000000000e+20,1.244800000000000008e-05,-5.797299999999999898e+00,2.876099999999999768e-01,1.023799999999999955e+03,2.653900000000000148e+00
1.690000000000000113e-01,0.000000000000000000e+00,1.793599999999999994e+01,1.829500000000000000e+20,1.213000000000000075e-05,-6.689400000000000013e+00,9.919599999999999529e-01,1.067299999999999955e+03,2.696000000000000174e+00
1.710000000000000131e-01,0.000000000000000000e+00,1.761199999999999832e+01,1.796400000000000000e+20,1.190999999999999947e-05,-5.500499999999999723e+00,-1.479999999999999982e+00,1.096000000000000000e+03,2.718300000000000161e+00
1.829999999999999960e-01,0.000000000000000000e+00,1.614699999999999847e+01,1.647000000000000000e+20,1.092000000000000048e-05,4.042399999999999771e+00,-2.179800000000000182e+00,1.287599999999999909e+03,2.927900000000000169e+00
1.849999999999999978e-01,0.000000000000000000e+00,1.601399999999999935e+01,1.633500000000000000e+20,1.082999999999999965e-05,8.168799999999999173e+00,-1.895299999999999985e+00,1.309099999999999909e+03,2.952199999999999935e+00
1.869999999999999996e-01,0.000000000000000000e+00,1.577500000000000036e+01,1.609000000000000000e+20,1.066800000000000018e-05,1.040700000000000003e+01,-1.905699999999999950e+00,1.342299999999999955e+03,2.981799999999999784e+00
2.929999999999999827e-01,0.000000000000000000e+00,1.762900000000000134e+01,1.798200000000000000e+20,1.192200000000000037e-05,3.223199999999999932e+02,-3.848599999999999799e+00,2.065800000000000182e+03,5.128800000000000026e+00
3.250000000000000111e-01,0.000000000000000000e+00,1.861199999999999832e+01,1.898400000000000000e+20,1.258699999999999994e-05,4.158100000000000023e+02,-5.138600000000000279e+00,2.143900000000000091e+03,5.619299999999999962e+00
3.569999999999999840e-01,0.000000000000000000e+00,1.940500000000000114e+01,1.979300000000000000e+20,1.312299999999999955e-05,5.018600000000000136e+02,-4.759100000000000108e+00,2.210400000000000091e+03,6.040399999999999991e+00
3.009999999999999898e-01,0.000000000000000000e+00,1.791900000000000048e+01,1.827800000000000000e+20,1.211799999999999985e-05,3.448100000000000023e+02,-4.673799999999999955e+00,2.090699999999999818e+03,5.275800000000000267e+00
3.330000000000000182e-01,0.000000000000000000e+00,1.909100000000000108e+01,1.947200000000000000e+20,1.291000000000000006e-05,4.343399999999999750e+02,-2.993199999999999861e+00,2.155599999999999909e+03,5.795300000000000118e+00
3.649999999999999911e-01,0.000000000000000000e+00,1.972100000000000009e+01,2.011500000000000000e+20,1.333600000000000073e-05,5.198700000000000045e+02,-3.680499999999999883e+00,2.215800000000000182e+03,6.153900000000000148e+00
3.029999999999999916e-01,0.000000000000000000e+00,1.807700000000000173e+01,1.843800000000000000e+20,1.222400000000000019e-05,3.506800000000000068e+02,-2.945500000000000007e+00,2.096500000000000000e+03,5.337100000000000399e+00
3.350000000000000200e-01,0.000000000000000000e+00,1.888899999999999935e+01,1.926700000000000000e+20,1.277400000000000001e-05,4.452300000000000182e+02,-1.850800000000000001e+00,2.173800000000000182e+03,5.782499999999999751e+00
3.669999999999999929e-01,0.000000000000000000e+00,1.969600000000000151e+01,2.009000000000000000e+20,1.331999999999999952e-05,5.258099999999999454e+02,-1.142400000000000082e+00,2.217800000000000182e+03,6.151699999999999946e+00
3.049999999999999933e-01,0.000000000000000000e+00,1.805699999999999861e+01,1.841800000000000000e+20,1.221100000000000049e-05,3.576000000000000227e+02,-3.331900000000000084e+00,2.105699999999999818e+03,5.354599999999999582e+00
3.370000000000000218e-01,0.000000000000000000e+00,1.892500000000000071e+01,1.930400000000000000e+20,1.279800000000000012e-05,4.509200000000000159e+02,-4.371800000000000352e+00,2.170000000000000000e+03,5.783400000000000318e+00
3.689999999999999947e-01,0.000000000000000000e+00,1.971099999999999852e+01,2.010600000000000000e+20,1.332999999999999943e-05,5.301699999999999591e+02,-3.837299999999999933e+00,2.221800000000000182e+03,6.167399999999999771e+00
2.750000000000000222e-01,0.000000000000000000e+00,1.708699999999999974e+01,1.742900000000000000e+20,1.155500000000000033e-05,2.679499999999999886e+02,-3.979699999999999793e+00,2.000599999999999909e+03,4.814099999999999824e+00
3.069999999999999951e-01,0.000000000000000000e+00,1.812500000000000000e+01,1.848700000000000000e+20,1.225699999999999971e-05,3.639200000000000159e+02,-3.149700000000000166e+00,2.111599999999999909e+03,5.389700000000000379e+00
3.390000000000000235e-01,0.000000000000000000e+00,1.896999999999999886e+01,1.934900000000000000e+20,1.282900000000000033e-05,4.563799999999999955e+02,-4.070599999999999774e+00,2.180500000000000000e+03,5.825099999999999945e+00
3.709999999999999964e-01,0.000000000000000000e+00,1.979599999999999937e+01,2.019200000000000000e+20,1.338700000000000075e-05,5.326599999999999682e+02,-2.562699999999999978e+00,2.226400000000000091e+03,6.206800000000000317e+00
2.770000000000000240e-01,0.000000000000000000e+00,1.711100000000000065e+01,1.745300000000000000e+20,1.157099999999999984e-05,2.740400000000000205e+02,-3.774999999999999911e+00,2.004400000000000091e+03,4.829699999999999882e+00
3.089999999999999969e-01,0.000000000000000000e+00,1.818299999999999983e+01,1.854700000000000000e+20,1.229699999999999932e-05,3.694900000000000091e+02,-4.865800000000000125e+00,2.124599999999999909e+03,5.440400000000000347e+00
3.410000000000000253e-01,0.000000000000000000e+00,1.904400000000000048e+01,1.942500000000000000e+20,1.287899999999999985e-05,4.604499999999999886e+02,-1.804100000000000037e+00,2.184699999999999818e+03,5.859099999999999753e+00
2.790000000000000258e-01,0.000000000000000000e+00,1.722599999999999909e+01,1.757100000000000000e+20,1.164899999999999977e-05,2.792900000000000205e+02,-4.288400000000000212e+00,2.011099999999999909e+03,4.878599999999999604e+00
3.109999999999999987e-01,0.000000000000000000e+00,1.819600000000000151e+01,1.856000000000000000e+20,1.230499999999999992e-05,3.763999999999999773e+02,-2.654599999999999849e+00,2.122300000000000182e+03,5.438399999999999679e+00
3.430000000000000271e-01,0.000000000000000000e+00,1.910999999999999943e+01,1.949200000000000000e+20,1.292299999999999977e-05,4.635799999999999841e+02,-4.040600000000000414e+00,2.187800000000000182e+03,5.887699999999999712e+00
2.810000000000000275e-01,0.000000000000000000e+00,1.727299999999999969e+01,1.761900000000000000e+20,1.168100000000000048e-05,2.853899999999999864e+02,-2.651199999999999779e+00,2.014599999999999909e+03,4.900400000000000311e+00
3.130000000000000004e-01,0.000000000000000000e+00,1.828800000000000026e+01,1.865300000000000000e+20,1.236700000000000035e-05,3.816600000000000250e+02,-2.504100000000000215e+00,2.129300000000000182e+03,5.483600000000000030e+00
3.449999999999999734e-01,0.000000000000000000e+00,1.919500000000000028e+01,1.957900000000000000e+20,1.298099999999999989e-05,4.673600000000000136e+02,-1.768199999999999994e+00,2.182300000000000182e+03,5.899200000000000443e+00
2.829999999999999738e-01,0.000000000000000000e+00,1.740899999999999892e+01,1.775700000000000000e+20,1.177300000000000061e-05,2.918999999999999773e+02,-4.382900000000000240e+00,2.027799999999999955e+03,4.971400000000000041e+00
3.150000000000000022e-01,0.000000000000000000e+00,1.832100000000000151e+01,1.868800000000000000e+20,1.238999999999999996e-05,3.884100000000000250e+02,-3.898600000000000065e+00,2.131699999999999818e+03,5.499900000000000233e+00
3.469999999999999751e-01,0.000000000000000000e+00,1.923300000000000054e+01,1.961700000000000000e+20,1.300600000000000050e-05,4.753500000000000227e+02,-3.694999999999999840e+00,2.191000000000000000e+03,5.934199999999999697e+00
2.849999999999999756e-01,0.000000000000000000e+00,1.742099999999999937e+01,1.776900000000000000e+20,1.178099999999999952e-05,2.976200000000000045e+02,-4.215900000000000425e+00,2.038799999999999955e+03,5.001699999999999591e+00
3.170000000000000040e-01,0.000000000000000000e+00,1.843799999999999883e+01,1.880700000000000000e+20,1.246900000000000039e-05,3.928000000000000114e+02,-3.169799999999999951e+00,2.131199999999999818e+03,5.533699999999999619e+00
3.489999999999999769e-01,0.000000000000000000e+00,1.935900000000000176e+01,1.974600000000000000e+20,1.309199999999999934e-05,4.778700000000000045e+02,-2.596400000000000041e+00,2.187400000000000091e+03,5.963499999999999801e+00
2.869999999999999774e-01,0.000000000000000000e+00,1.750300000000000011e+01,1.785300000000000000e+20,1.183599999999999984e-05,3.036100000000000136e+02,-4.862000000000000099e+00,2.042099999999999909e+03,5.033599999999999852e+00
3.190000000000000058e-01,0.000000000000000000e+00,1.847800000000000153e+01,1.884700000000000000e+20,1.249600000000000030e-05,3.972400000000000091e+02,-4.079799999999999649e+00,2.137400000000000091e+03,5.561899999999999622e+00
3.509999999999999787e-01,0.000000000000000000e+00,1.933299999999999841e+01,1.972000000000000000e+20,1.307400000000000052e-05,4.833600000000000136e+02,-4.756999999999999673e+00,2.193500000000000000e+03,5.972000000000000419e+00
2.889999999999999791e-01,0.000000000000000000e+00,1.756500000000000128e+01,1.791600000000000000e+20,1.187800000000000046e-05,3.110699999999999932e+02,-1.653000000000000025e+00,2.050000000000000000e+03,5.070800000000000196e+00
3.210000000000000075e-01,0.000000000000000000e+00,1.852100000000000080e+01,1.889200000000000000e+20,1.252499999999999951e-05,4.046399999999999864e+02,-3.246300000000000185e+00,2.133000000000000000e+03,5.563500000000000334e+00
3.529999999999999805e-01,0.000000000000000000e+00,1.934199999999999875e+01,1.972900000000000000e+20,1.308000000000000013e-05,4.893700000000000045e+02,-1.940399999999999903e+00,2.192500000000000000e+03,5.972100000000000186e+00
2.909999999999999809e-01,0.000000000000000000e+00,1.753800000000000026e+01,1.788800000000000000e+20,1.185999999999999995e-05,3.173700000000000045e+02,-3.910699999999999843e+00,2.055800000000000182e+03,5.077399999999999913e+00
3.230000000000000093e-01,0.000000000000000000e+00,1.862199999999999989e+01,1.899400000000000000e+20,1.259299999999999954e-05,4.095600000000000023e+02,-2.712600000000000122e+00,2.131500000000000000e+03,5.589800000000000324e+00
3.549999999999999822e-01,0.000000000000000000e+00,1.938700000000000045e+01,1.977500000000000000e+20,1.311100000000000034e-05,4.948199999999999932e+02,-2.516700000000000159e+00,2.197699999999999818e+03,6.000200000000000422e+00
2.949999999999999845e-01,0.000000000000000000e+00,1.761799999999999855e+01,1.797100000000000000e+20,1.191500000000000027e-05,3.297599999999999909e+02,-3.373499999999999943e+00,2.076699999999999818e+03,5.152499999999999858e+00
3.270000000000000129e-01,0.000000000000000000e+00,1.869999999999999929e+01,1.907400000000000000e+20,1.264600000000000056e-05,4.218299999999999841e+02,-4.833099999999999952e+00,2.143900000000000091e+03,5.645800000000000374e+00
3.589999999999999858e-01,0.000000000000000000e+00,1.957799999999999940e+01,1.997000000000000000e+20,1.324000000000000029e-05,5.062699999999999818e+02,-3.564799999999999969e+00,2.207000000000000000e+03,6.085200000000000387e+00
2.969999999999999862e-01,0.000000000000000000e+00,1.768499999999999872e+01,1.803900000000000000e+20,1.196000000000000069e-05,3.339900000000000091e+02,-3.228099999999999969e+00,2.083500000000000000e+03,5.189000000000000057e+00
3.290000000000000147e-01,0.000000000000000000e+00,1.884900000000000020e+01,1.922600000000000000e+20,1.274700000000000010e-05,4.266499999999999773e+02,-3.700299999999999923e+00,2.151199999999999818e+03,5.710300000000000153e+00
3.609999999999999876e-01,0.000000000000000000e+00,1.962699999999999889e+01,2.001900000000000000e+20,1.327299999999999980e-05,5.105299999999999727e+02,-2.406000000000000139e+00,2.204400000000000091e+03,6.092800000000000438e+00
2.989999999999999880e-01,0.000000000000000000e+00,1.787900000000000134e+01,1.823700000000000000e+20,1.209099999999999994e-05,3.382699999999999818e+02,-2.576000000000000068e+00,2.079699999999999818e+03,5.236299999999999955e+00
3.310000000000000164e-01,0.000000000000000000e+00,1.889999999999999858e+01,1.927800000000000000e+20,1.278100000000000011e-05,4.329200000000000159e+02,-2.953300000000000036e+00,2.152099999999999909e+03,5.728100000000000414e+00
3.629999999999999893e-01,0.000000000000000000e+00,1.959900000000000020e+01,1.999100000000000000e+20,1.325400000000000050e-05,5.164700000000000273e+02,-3.534899999999999931e+00,2.209500000000000000e+03,6.098499999999999588e+00
3.910000000000000142e-01,0.000000000000000000e+00,2.018700000000000117e+01,2.059100000000000000e+20,1.365200000000000075e-05,5.860900000000000318e+02,-3.996700000000000141e+00,2.235300000000000182e+03,6.354599999999999582e+00
4.229999999999999871e-01,0.000000000000000000e+00,2.068900000000000006e+01,2.110300000000000000e+20,1.399100000000000038e-05,6.624900000000000091e+02,-3.806900000000000173e+00,2.246099999999999909e+03,6.544299999999999784e+00
4.550000000000000155e-01,0.000000000000000000e+00,2.073400000000000176e+01,2.114900000000000000e+20,1.402200000000000060e-05,7.487899999999998499e+02,-8.335200000000000387e-01,2.236099999999999909e+03,6.529200000000000337e+00
4.869999999999999885e-01,0.000000000000000000e+00,2.001800000000000068e+01,2.041800000000000000e+20,1.353699999999999931e-05,8.759800000000000182e+02,-3.894800000000000040e+00,2.138099999999999909e+03,6.027499999999999858e+00
3.970000000000000195e-01,0.000000000000000000e+00,2.019300000000000139e+01,2.059700000000000000e+20,1.365599999999999936e-05,6.010199999999999818e+02,-3.404100000000000126e+00,2.242900000000000091e+03,6.378000000000000114e+00
4.289999999999999925e-01,0.000000000000000000e+00,2.069600000000000151e+01,2.111000000000000000e+20,1.399599999999999949e-05,6.819800000000000182e+02,-2.846000000000000085e+00,2.249800000000000182e+03,6.557199999999999918e+00
4.610000000000000209e-01,0.000000000000000000e+00,2.064999999999999858e+01,2.106300000000000000e+20,1.396499999999999928e-05,7.689900000000000091e+02,-5.418899999999999828e+00,2.220099999999999909e+03,6.456100000000000172e+00
4.929999999999999938e-01,0.000000000000000000e+00,1.937000000000000099e+01,1.975700000000000000e+20,1.309899999999999944e-05,9.198099999999999454e+02,-4.058900000000000396e+00,2.092199999999999818e+03,5.707099999999999618e+00
3.990000000000000213e-01,0.000000000000000000e+00,2.023400000000000176e+01,2.063900000000000000e+20,1.368399999999999977e-05,6.061399999999999864e+02,-2.940799999999999859e+00,2.239000000000000000e+03,6.380099999999999660e+00
4.309999999999999942e-01,0.000000000000000000e+00,2.075400000000000134e+01,2.116900000000000000e+20,1.403500000000000030e-05,6.827799999999999727e+02,-1.544699999999999962e+00,2.243000000000000000e+03,6.555699999999999861e+00
4.630000000000000226e-01,0.000000000000000000e+00,2.066600000000000037e+01,2.107900000000000000e+20,1.397499999999999918e-05,7.747500000000000000e+02,-3.545199999999999907e+00,2.215199999999999818e+03,6.446699999999999875e+00
4.949999999999999956e-01,0.000000000000000000e+00,1.916000000000000014e+01,1.954300000000000000e+20,1.295699999999999978e-05,9.361799999999999500e+02,-2.905899999999999928e+00,2.063599999999999909e+03,5.567899999999999849e+00
4.010000000000000231e-01,0.000000000000000000e+00,2.038100000000000023e+01,2.078800000000000000e+20,1.378300000000000000e-05,6.079400000000000546e+02,-3.290200000000000014e+00,2.241400000000000091e+03,6.433099999999999596e+00
4.329999999999999960e-01,0.000000000000000000e+00,2.071000000000000085e+01,2.112400000000000000e+20,1.400500000000000059e-05,6.871699999999999591e+02,-1.003500000000000059e+00,2.244099999999999909e+03,6.544800000000000395e+00
4.650000000000000244e-01,0.000000000000000000e+00,2.061700000000000088e+01,2.102900000000000000e+20,1.394199999999999967e-05,7.817200000000000273e+02,-2.221999999999999975e+00,2.211599999999999909e+03,6.421299999999999564e+00
4.969999999999999973e-01,0.000000000000000000e+00,1.880999999999999872e+01,1.918600000000000000e+20,1.272100000000000069e-05,9.593700000000000045e+02,-2.881400000000000183e+00,2.041200000000000045e+03,5.407099999999999795e+00
4.030000000000000249e-01,0.000000000000000000e+00,2.031200000000000117e+01,2.071800000000000000e+20,1.373600000000000028e-05,6.153799999999999955e+02,-5.973700000000000010e+00,2.240400000000000091e+03,6.408599999999999852e+00
4.349999999999999978e-01,0.000000000000000000e+00,2.070499999999999829e+01,2.111900000000000000e+20,1.400200000000000079e-05,6.945399999999999636e+02,-3.857600000000000140e+00,2.241599999999999909e+03,6.536299999999999777e+00
4.670000000000000262e-01,0.000000000000000000e+00,2.066000000000000014e+01,2.107400000000000000e+20,1.397199999999999938e-05,7.852500000000000000e+02,-3.206999999999999851e+00,2.211199999999999818e+03,6.433500000000000441e+00
4.050000000000000266e-01,0.000000000000000000e+00,2.046099999999999852e+01,2.087000000000000000e+20,1.383699999999999983e-05,6.202300000000000182e+02,-2.670399999999999885e+00,2.235000000000000000e+03,6.440199999999999925e+00
4.369999999999999996e-01,0.000000000000000000e+00,2.078999999999999915e+01,2.120600000000000000e+20,1.405900000000000041e-05,6.958300000000000409e+02,-2.141999999999999904e+00,2.245199999999999818e+03,6.573500000000000121e+00
4.689999999999999725e-01,0.000000000000000000e+00,2.054299999999999926e+01,2.095400000000000000e+20,1.389300000000000065e-05,7.960399999999998499e+02,-2.682500000000000107e+00,2.207900000000000091e+03,6.387500000000000178e+00
4.069999999999999729e-01,0.000000000000000000e+00,2.057400000000000162e+01,2.098500000000000000e+20,1.391300000000000045e-05,6.230000000000000000e+02,-2.388199999999999878e+00,2.231800000000000182e+03,6.466300000000000381e+00
4.390000000000000013e-01,0.000000000000000000e+00,2.079400000000000048e+01,2.121000000000000000e+20,1.406200000000000021e-05,7.033700000000000045e+02,-1.771200000000000108e+00,2.248500000000000000e+03,6.584500000000000242e+00
4.709999999999999742e-01,0.000000000000000000e+00,2.052899999999999991e+01,2.094000000000000000e+20,1.388300000000000074e-05,8.022300000000000182e+02,-3.460300000000000153e+00,2.203400000000000091e+03,6.370099999999999874e+00
3.770000000000000018e-01,0.000000000000000000e+00,1.987699999999999889e+01,2.027400000000000000e+20,1.344199999999999937e-05,5.531299999999999955e+02,-2.423200000000000021e+00,2.223000000000000000e+03,6.222400000000000375e+00
4.089999999999999747e-01,0.000000000000000000e+00,2.054899999999999949e+01,2.096000000000000000e+20,1.389600000000000045e-05,6.295499999999999545e+02,-6.822200000000000486e-01,2.242500000000000000e+03,6.489300000000000068e+00
4.410000000000000031e-01,0.000000000000000000e+00,2.070299999999999940e+01,2.111700000000000000e+20,1.400100000000000029e-05,7.109099999999999682e+02,-2.586899999999999977e+00,2.243699999999999818e+03,6.541699999999999626e+00
4.729999999999999760e-01,0.000000000000000000e+00,2.045200000000000173e+01,2.086100000000000000e+20,1.383100000000000022e-05,8.110000000000000000e+02,-2.233000000000000096e+00,2.191900000000000091e+03,6.312999999999999723e+00
3.790000000000000036e-01,0.000000000000000000e+00,1.997400000000000020e+01,2.037300000000000000e+20,1.350800000000000010e-05,5.564199999999999591e+02,-8.259700000000000375e-02,2.224900000000000091e+03,6.258300000000000196e+00
4.109999999999999765e-01,0.000000000000000000e+00,2.057700000000000173e+01,2.098900000000000000e+20,1.391499999999999976e-05,6.327699999999999818e+02,-3.891999999999999904e+00,2.247400000000000091e+03,6.512599999999999945e+00
4.430000000000000049e-01,0.000000000000000000e+00,2.078500000000000014e+01,2.120100000000000000e+20,1.405600000000000061e-05,7.139199999999999591e+02,-3.600999999999999979e+00,2.241199999999999818e+03,6.560299999999999798e+00
4.749999999999999778e-01,0.000000000000000000e+00,2.048999999999999844e+01,2.090000000000000000e+20,1.385699999999999963e-05,8.162899999999998499e+02,-4.607700000000000351e+00,2.182199999999999818e+03,6.296899999999999942e+00
3.810000000000000053e-01,0.000000000000000000e+00,2.000000000000000000e+01,2.040000000000000000e+20,1.352500000000000010e-05,5.601699999999999591e+02,-3.940700000000000092e+00,2.226900000000000091e+03,6.272300000000000431e+00
4.129999999999999782e-01,0.000000000000000000e+00,2.067099999999999937e+01,2.108400000000000000e+20,1.397899999999999948e-05,6.365399999999999636e+02,-2.586199999999999832e+00,2.248699999999999818e+03,6.545899999999999608e+00
4.450000000000000067e-01,0.000000000000000000e+00,2.075499999999999901e+01,2.117000000000000000e+20,1.403600000000000080e-05,7.211900000000000546e+02,-2.016199999999999992e+00,2.236000000000000000e+03,6.535599999999999632e+00
4.769999999999999796e-01,0.000000000000000000e+00,2.035300000000000153e+01,2.076000000000000000e+20,1.376400000000000069e-05,8.264900000000000091e+02,-2.536799999999999944e+00,2.178500000000000000e+03,6.244299999999999962e+00
3.830000000000000071e-01,0.000000000000000000e+00,2.001000000000000156e+01,2.041000000000000000e+20,1.353200000000000021e-05,5.657200000000000273e+02,-3.029199999999999893e+00,2.234900000000000091e+03,6.297799999999999621e+00
4.149999999999999800e-01,0.000000000000000000e+00,2.060099999999999909e+01,2.101300000000000000e+20,1.393199999999999976e-05,6.428799999999999955e+02,-2.120099999999999874e+00,2.243800000000000182e+03,6.509599999999999831e+00
4.470000000000000084e-01,0.000000000000000000e+00,2.064799999999999969e+01,2.106100000000000000e+20,1.396299999999999997e-05,7.290700000000000500e+02,-2.460700000000000109e+00,2.239699999999999818e+03,6.512400000000000411e+00
4.789999999999999813e-01,0.000000000000000000e+00,2.029100000000000037e+01,2.069700000000000000e+20,1.372200000000000008e-05,8.365800000000000409e+02,-2.690599999999999881e+00,2.170099999999999909e+03,6.201299999999999812e+00
3.850000000000000089e-01,0.000000000000000000e+00,2.003900000000000148e+01,2.044000000000000000e+20,1.355200000000000001e-05,5.691599999999999682e+02,-3.608800000000000008e+00,2.232400000000000091e+03,6.299999999999999822e+00
4.169999999999999818e-01,0.000000000000000000e+00,2.065599999999999881e+01,2.106900000000000000e+20,1.396899999999999958e-05,6.472699999999999818e+02,-1.864800000000000013e+00,2.254900000000000091e+03,6.559400000000000119e+00
4.490000000000000102e-01,0.000000000000000000e+00,2.063800000000000168e+01,2.105100000000000000e+20,1.395700000000000037e-05,7.352899999999998499e+02,-2.606500000000000039e+00,2.241099999999999909e+03,6.513499999999999623e+00
4.809999999999999831e-01,0.000000000000000000e+00,2.015399999999999991e+01,2.055700000000000000e+20,1.362899999999999945e-05,8.475599999999998317e+02,-4.999900000000000233e+00,2.166099999999999909e+03,6.147700000000000387e+00
3.870000000000000107e-01,0.000000000000000000e+00,2.015899999999999892e+01,2.056200000000000000e+20,1.363299999999999975e-05,5.724099999999999682e+02,-3.688200000000000145e+00,2.231500000000000000e+03,6.335200000000000387e+00
4.189999999999999836e-01,0.000000000000000000e+00,2.064399999999999835e+01,2.105700000000000000e+20,1.396100000000000067e-05,6.533799999999999955e+02,-3.000100000000000211e+00,2.252199999999999818e+03,6.547600000000000087e+00
4.510000000000000120e-01,0.000000000000000000e+00,2.072200000000000131e+01,2.113600000000000000e+20,1.401299999999999950e-05,7.383300000000000409e+02,-3.619600000000000151e+00,2.233099999999999909e+03,6.516700000000000159e+00
4.829999999999999849e-01,0.000000000000000000e+00,2.013500000000000156e+01,2.053700000000000000e+20,1.361599999999999974e-05,8.566399999999999864e+02,-1.794999999999999929e+00,2.165099999999999909e+03,6.139000000000000234e+00
3.890000000000000124e-01,0.000000000000000000e+00,2.022100000000000009e+01,2.062500000000000000e+20,1.367399999999999986e-05,5.789800000000000182e+02,-3.212600000000000122e+00,2.232500000000000000e+03,6.357300000000000395e+00
4.209999999999999853e-01,0.000000000000000000e+00,2.070700000000000074e+01,2.112100000000000000e+20,1.400299999999999959e-05,6.561699999999999591e+02,-3.354900000000000215e+00,2.255800000000000182e+03,6.578000000000000291e+00
4.530000000000000138e-01,0.000000000000000000e+00,2.076699999999999946e+01,2.118300000000000000e+20,1.404399999999999971e-05,7.431100000000000136e+02,-2.488300000000000178e+00,2.233699999999999818e+03,6.532700000000000173e+00
4.849999999999999867e-01,0.000000000000000000e+00,2.003999999999999915e+01,2.044100000000000000e+20,1.355200000000000001e-05,8.655499999999998408e+02,-3.855399999999999938e+00,2.149699999999999818e+03,6.066699999999999982e+00
3.930000000000000160e-01,0.000000000000000000e+00,2.022100000000000009e+01,2.062500000000000000e+20,1.367399999999999986e-05,5.912000000000000455e+02,-2.930499999999999883e+00,2.240599999999999909e+03,6.380300000000000082e+00
4.249999999999999889e-01,0.000000000000000000e+00,2.077499999999999858e+01,2.119100000000000000e+20,1.404999999999999931e-05,6.675199999999999818e+02,-4.113100000000000200e+00,2.246000000000000000e+03,6.571200000000000152e+00
4.570000000000000173e-01,0.000000000000000000e+00,2.071799999999999997e+01,2.113300000000000000e+20,1.401100000000000019e-05,7.552300000000000182e+02,-2.738700000000000134e+00,2.229400000000000091e+03,6.504500000000000171e+00
4.889999999999999902e-01,0.000000000000000000e+00,1.979700000000000060e+01,2.019300000000000000e+20,1.338799999999999955e-05,8.885900000000000318e+02,-1.800400000000000000e+00,2.124099999999999909e+03,5.921800000000000175e+00
3.950000000000000178e-01,0.000000000000000000e+00,2.021799999999999997e+01,2.062200000000000000e+20,1.367200000000000056e-05,5.959400000000000546e+02,-1.618800000000000017e+00,2.238099999999999909e+03,6.372200000000000308e+00
4.269999999999999907e-01,0.000000000000000000e+00,2.073699999999999832e+01,2.115200000000000000e+20,1.402399999999999990e-05,6.747200000000000273e+02,-3.253699999999999815e+00,2.245099999999999909e+03,6.556400000000000006e+00
4.590000000000000191e-01,0.000000000000000000e+00,2.057499999999999929e+01,2.098600000000000000e+20,1.391399999999999926e-05,7.621299999999999955e+02,-1.266399999999999970e+00,2.225699999999999818e+03,6.448900000000000077e+00
4.909999999999999920e-01,0.000000000000000000e+00,1.962800000000000011e+01,2.002100000000000000e+20,1.327400000000000030e-05,9.029900000000000091e+02,-2.613300000000000178e+00,2.108599999999999909e+03,5.828500000000000014e+00
3.729999999999999982e-01,0.000000000000000000e+00,1.984799999999999898e+01,2.024500000000000000e+20,1.342199999999999956e-05,5.370399999999999636e+02,-3.884599999999999831e+00,2.222800000000000182e+03,6.212799999999999656e+00
3.750000000000000000e-01,0.000000000000000000e+00,1.994500000000000028e+01,2.034300000000000000e+20,1.348800000000000029e-05,5.431100000000000136e+02,-3.899599999999999955e+00,2.218000000000000000e+03,6.229800000000000004e+00
2.610000000000000098e-01,0.000000000000000000e+00,1.665599999999999881e+01,1.698900000000000000e+20,1.126399999999999922e-05,2.260300000000000011e+02,-4.436799999999999855e+00,1.941799999999999955e+03,4.554700000000000415e+00
2.690000000000000169e-01,0.000000000000000000e+00,1.682000000000000028e+01,1.715600000000000000e+20,1.137500000000000036e-05,2.492800000000000011e+02,-4.368000000000000327e+00,1.977900000000000091e+03,4.685100000000000264e+00
2.710000000000000187e-01,0.000000000000000000e+00,1.699899999999999878e+01,1.733900000000000000e+20,1.149599999999999971e-05,2.554699999999999989e+02,-3.999400000000000066e+00,1.982000000000000000e+03,4.744699999999999918e+00
2.730000000000000204e-01,0.000000000000000000e+00,1.705799999999999983e+01,1.740000000000000000e+20,1.153599999999999933e-05,2.611899999999999977e+02,-1.635899999999999910e+00,1.990400000000000091e+03,4.781600000000000072e+00
2.510000000000000009e-01,0.000000000000000000e+00,1.618400000000000105e+01,1.650800000000000000e+20,1.094499999999999939e-05,1.914199999999999875e+02,-2.204699999999999882e+00,1.894799999999999955e+03,4.318599999999999994e+00
2.530000000000000027e-01,0.000000000000000000e+00,1.628099999999999881e+01,1.660700000000000000e+20,1.100999999999999962e-05,1.988300000000000125e+02,-5.943800000000000416e+00,1.914599999999999909e+03,4.389800000000000146e+00
2.550000000000000044e-01,0.000000000000000000e+00,1.650900000000000034e+01,1.684000000000000000e+20,1.116500000000000068e-05,2.049199999999999875e+02,-4.534600000000000186e+00,1.908900000000000091e+03,4.438100000000000378e+00
2.570000000000000062e-01,0.000000000000000000e+00,1.657900000000000063e+01,1.691000000000000000e+20,1.121200000000000039e-05,2.101399999999999864e+02,-2.842499999999999805e+00,1.914400000000000091e+03,4.469599999999999795e+00
2.590000000000000080e-01,0.000000000000000000e+00,1.662199999999999989e+01,1.695500000000000000e+20,1.124099999999999961e-05,2.180399999999999920e+02,-3.314999999999999947e+00,1.932099999999999909e+03,4.522800000000000153e+00
2.630000000000000115e-01,0.000000000000000000e+00,1.663899999999999935e+01,1.697200000000000000e+20,1.125200000000000001e-05,2.324099999999999966e+02,-1.312000000000000055e+00,1.951299999999999955e+03,4.572300000000000253e+00
2.650000000000000133e-01,0.000000000000000000e+00,1.673799999999999955e+01,1.707300000000000000e+20,1.131899999999999954e-05,2.372500000000000000e+02,-4.127900000000000347e+00,1.954700000000000045e+03,4.607599999999999696e+00
2.670000000000000151e-01,0.000000000000000000e+00,1.679899999999999949e+01,1.713500000000000000e+20,1.136100000000000015e-05,2.451100000000000136e+02,-3.619400000000000173e+00,1.959200000000000045e+03,4.635100000000000442e+00
2.230000000000000038e-01,0.000000000000000000e+00,1.551699999999999946e+01,1.582700000000000000e+20,1.049299999999999932e-05,1.016500000000000057e+02,-3.453399999999999803e+00,1.709799999999999955e+03,3.736200000000000188e+00
2.049999999999999878e-01,0.000000000000000000e+00,1.541499999999999915e+01,1.572300000000000000e+20,1.042400000000000049e-05,5.044800000000000040e+01,-2.310799999999999965e+00,1.547799999999999955e+03,3.359900000000000109e+00
2.369999999999999885e-01,0.000000000000000000e+00,1.594800000000000040e+01,1.626700000000000000e+20,1.078499999999999923e-05,1.455399999999999920e+02,-4.335700000000000109e+00,1.806700000000000045e+03,4.057699999999999640e+00
2.069999999999999896e-01,0.000000000000000000e+00,1.534999999999999964e+01,1.565700000000000000e+20,1.038099999999999937e-05,5.599300000000000210e+01,-5.122799999999999798e+00,1.572299999999999955e+03,3.398800000000000043e+00
2.389999999999999902e-01,0.000000000000000000e+00,1.601399999999999935e+01,1.633400000000000000e+20,1.082999999999999965e-05,1.516899999999999977e+02,-4.018200000000000216e+00,1.819900000000000091e+03,4.104300000000000281e+00
2.089999999999999913e-01,0.000000000000000000e+00,1.539899999999999913e+01,1.570700000000000000e+20,1.041300000000000008e-05,6.282000000000000028e+01,-2.994000000000000217e+00,1.583799999999999955e+03,3.434499999999999886e+00
2.409999999999999920e-01,0.000000000000000000e+00,1.600700000000000145e+01,1.632700000000000000e+20,1.082500000000000054e-05,1.598100000000000023e+02,-1.308499999999999996e+00,1.831799999999999955e+03,4.129100000000000215e+00
2.109999999999999931e-01,0.000000000000000000e+00,1.548700000000000010e+01,1.579700000000000000e+20,1.047299999999999951e-05,6.682299999999999329e+01,-1.975500000000000034e+00,1.604200000000000045e+03,3.498600000000000154e+00
2.429999999999999938e-01,0.000000000000000000e+00,1.600400000000000134e+01,1.632400000000000000e+20,1.082299999999999955e-05,1.655300000000000011e+02,-5.022800000000000153e+00,1.844799999999999955e+03,4.157799999999999940e+00
2.129999999999999949e-01,0.000000000000000000e+00,1.533699999999999974e+01,1.564400000000000000e+20,1.037199999999999997e-05,7.356499999999998352e+01,-3.633999999999999897e+00,1.632700000000000045e+03,3.526400000000000201e+00
2.449999999999999956e-01,0.000000000000000000e+00,1.603000000000000114e+01,1.635000000000000000e+20,1.083999999999999955e-05,1.729900000000000091e+02,-2.435500000000000220e+00,1.864700000000000045e+03,4.209299999999999820e+00
2.149999999999999967e-01,0.000000000000000000e+00,1.540300000000000047e+01,1.571100000000000000e+20,1.041599999999999988e-05,8.141599999999998261e+01,-3.504599999999999937e+00,1.648099999999999909e+03,3.575000000000000178e+00
2.469999999999999973e-01,0.000000000000000000e+00,1.615800000000000125e+01,1.648200000000000000e+20,1.092700000000000058e-05,1.773799999999999955e+02,-3.669900000000000162e+00,1.870400000000000091e+03,4.256099999999999994e+00
2.169999999999999984e-01,0.000000000000000000e+00,1.539300000000000068e+01,1.570100000000000000e+20,1.041000000000000028e-05,8.518000000000000682e+01,-1.509400000000000075e+00,1.670900000000000091e+03,3.622100000000000097e+00
2.489999999999999991e-01,0.000000000000000000e+00,1.623600000000000065e+01,1.656100000000000000e+20,1.097999999999999991e-05,1.861899999999999977e+02,-4.511400000000000077e+00,1.881700000000000045e+03,4.302599999999999980e+00
2.190000000000000002e-01,0.000000000000000000e+00,1.543200000000000038e+01,1.574100000000000000e+20,1.043599999999999969e-05,9.085800000000000409e+01,-3.490200000000000191e+00,1.679700000000000045e+03,3.650399999999999867e+00
2.210000000000000020e-01,0.000000000000000000e+00,1.554199999999999982e+01,1.585300000000000000e+20,1.051099999999999982e-05,9.484399999999999409e+01,-3.796899999999999942e+00,1.691500000000000000e+03,3.702199999999999935e+00
2.250000000000000056e-01,0.000000000000000000e+00,1.556400000000000006e+01,1.587600000000000000e+20,1.052500000000000003e-05,1.088700000000000045e+02,-4.730599999999999916e+00,1.731700000000000045e+03,3.795599999999999863e+00
2.270000000000000073e-01,0.000000000000000000e+00,1.560200000000000031e+01,1.591400000000000000e+20,1.055099999999999944e-05,1.167399999999999949e+02,-3.864199999999999857e+00,1.746799999999999955e+03,3.838000000000000078e+00
2.290000000000000091e-01,0.000000000000000000e+00,1.572300000000000075e+01,1.603700000000000000e+20,1.063299999999999967e-05,1.226800000000000068e+02,-3.394899999999999807e+00,1.757700000000000045e+03,3.891900000000000137e+00
2.310000000000000109e-01,0.000000000000000000e+00,1.579199999999999982e+01,1.610800000000000000e+20,1.067999999999999939e-05,1.291299999999999955e+02,-1.581199999999999939e+00,1.762200000000000045e+03,3.919099999999999806e+00
2.010000000000000120e-01,0.000000000000000000e+00,1.536500000000000021e+01,1.567200000000000000e+20,1.039000000000000047e-05,3.743800000000000239e+01,9.979699999999999335e-03,1.512400000000000091e+03,3.272400000000000198e+00
2.330000000000000127e-01,0.000000000000000000e+00,1.574399999999999977e+01,1.605900000000000000e+20,1.064699999999999988e-05,1.328899999999999864e+02,-2.534600000000000186e+00,1.781200000000000045e+03,3.949300000000000033e+00
2.030000000000000138e-01,0.000000000000000000e+00,1.540300000000000047e+01,1.571100000000000000e+20,1.041599999999999988e-05,4.350399999999999778e+01,-6.016000000000000014e+00,1.530200000000000045e+03,3.319300000000000139e+00
2.349999999999999867e-01,0.000000000000000000e+00,1.579299999999999926e+01,1.610900000000000000e+20,1.067999999999999939e-05,1.384699999999999989e+02,-3.578300000000000036e+00,1.793799999999999955e+03,3.989399999999999835e+00
1.950000000000000067e-01,0.000000000000000000e+00,1.550399999999999956e+01,1.581400000000000000e+20,1.048399999999999991e-05,2.662500000000000000e+01,-1.751900000000000013e+00,1.444299999999999955e+03,3.153200000000000003e+00
1.970000000000000084e-01,0.000000000000000000e+00,1.560100000000000087e+01,1.591300000000000000e+20,1.055000000000000063e-05,2.995299999999999940e+01,-2.029100000000000126e+00,1.452900000000000091e+03,3.192000000000000171e+00
1.990000000000000102e-01,0.000000000000000000e+00,1.550799999999999912e+01,1.581800000000000000e+20,1.048699999999999971e-05,3.423899999999999721e+01,-1.826500000000000012e+00,1.487599999999999909e+03,3.248699999999999921e+00
1.930000000000000049e-01,0.000000000000000000e+00,1.564799999999999969e+01,1.596100000000000000e+20,1.058199999999999965e-05,2.188599999999999923e+01,-2.254500000000000171e+00,1.417599999999999909e+03,3.123899999999999899e+00
1.910000000000000031e-01,0.000000000000000000e+00,1.578800000000000026e+01,1.610400000000000000e+20,1.067699999999999959e-05,1.766000000000000014e+01,-1.277099999999999902e+00,1.390900000000000091e+03,3.092499999999999805e+00
1.890000000000000013e-01,0.000000000000000000e+00,1.576999999999999957e+01,1.608500000000000000e+20,1.066399999999999988e-05,1.445199999999999996e+01,-1.105699999999999905e+00,1.364700000000000045e+03,3.030800000000000161e+00
